<?xml version="1.0" encoding="UTF-8" ?>
<document>
<!--The data in this file is primarily intended for consumption by Xilinx tools.
The structure and the elements are likely to change over the next few releases.
This means code written to parse this file will need to be revisited each subsequent release.-->
<application name="pa" timeStamp="Wed Apr 18 21:24:28 2018">
<section name="Project Information" visible="false">
<property name="ProjectID" value="2c81ad50198748798bde87b3dae88910" type="ProjectID"/>
<property name="ProjectIteration" value="1" type="ProjectIteration"/>
</section>
<section name="PlanAhead Usage" visible="true">
<item name="Project Data">
<property name="SrcSetCount" value="1" type="SrcSetCount"/>
<property name="ConstraintSetCount" value="1" type="ConstraintSetCount"/>
<property name="DesignMode" value="RTL" type="DesignMode"/>
<property name="SynthesisStrategy" value="Vivado Synthesis Defaults" type="SynthesisStrategy"/>
<property name="ImplStrategy" value="Vivado Implementation Defaults" type="ImplStrategy"/>
</item>
<item name="Java Command Handlers">
<property name="CoreView" value="1" type="JavaHandler"/>
<property name="CustomizeCore" value="1" type="JavaHandler"/>
<property name="EditCopy" value="5" type="JavaHandler"/>
<property name="NewProject" value="1" type="JavaHandler"/>
<property name="OpenProject" value="1" type="JavaHandler"/>
<property name="RecustomizeCore" value="3" type="JavaHandler"/>
<property name="ShowView" value="1" type="JavaHandler"/>
<property name="SimulationClose" value="4" type="JavaHandler"/>
<property name="SimulationRun" value="6" type="JavaHandler"/>
<property name="TclStore" value="1" type="JavaHandler"/>
</item>
<item name="Gui Resources Info">
<property name="PAResourceAtoD.CustomizeCoreDialog_DOCUMENTATION, Documentation" value="1" type="GuiResourceData"/>
<property name="PAResourceAtoD.CustomizeCoreDialog_IP_LOCATION, IP Location" value="1" type="GuiResourceData"/>
<property name="PAResourceAtoD.CustomizeCoreDialog_SWITCH_TO_DEFAULTS, Switch to Defaults" value="1" type="GuiResourceData"/>
<property name="PAResourceCommand.PACommandNames_SIMULATION_RUN, Run Simulation" value="1" type="GuiResourceData"/>
<property name="PAResourceCommand.PACommandNames_SIMULATION_RUN_BEHAVIORAL, Run Behavioral Simulation" value="1" type="GuiResourceData"/>
<property name="PAResourceEtoH.FileSetPanel_FILE_SET_PANEL_TREE, [root, Constraints], 12" value="1" type="GuiResourceData"/>
<property name="PAResourceEtoH.FileSetPanel_FILE_SET_PANEL_TREE, [root, Design Sources, Memory Initialization Files], 9, true" value="1" type="GuiResourceData"/>
<property name="PAResourceEtoH.FileSetPanel_FILE_SET_PANEL_TREE, [root, Design Sources, Memory Initialization Files], 9, true, false, false, false, false, true" value="1" type="GuiResourceData"/>
<property name="PAResourceEtoH.FileSetPanel_FILE_SET_PANEL_TREE, [root, Design Sources, test (test.v" value="36" type="GuiResourceData"/>
<property name="PAResourceEtoH.FileSetPanel_FILE_SET_PANEL_TREE, [root, Simulation Sources], 13, true" value="1" type="GuiResourceData"/>
<property name="PAResourceEtoH.FileSetPanel_FILE_SET_PANEL_TREE, [root, Simulation Sources], 13, true, false, false, false, false, true" value="1" type="GuiResourceData"/>
<property name="PAResourceEtoH.FlowNavigatorTreePanel_FLOW_NAVIGATOR_TREE, [, Simulation, Run Simulation], 11, false" value="2" type="GuiResourceData"/>
<property name="PAResourceEtoH.GettingStartedView_OPEN_PROJECT, Open Project" value="1" type="GuiResourceData"/>
<property name="PAResourceEtoH.GettingStartedView_XILINX_TCL_STORE, Xilinx Tcl Store" value="1" type="GuiResourceData"/>
<property name="PAResourceItoN.MainMenuMgr_EDIT, Edit" value="2" type="GuiResourceData"/>
<property name="PAResourceItoN.MainMenuMgr_FLOW, Flow" value="4" type="GuiResourceData"/>
<property name="PAResourceItoN.MainMenuMgr_HELP, Help" value="2" type="GuiResourceData"/>
<property name="PAResourceItoN.MainMenuMgr_REPORT, Report" value="1" type="GuiResourceData"/>
<property name="PAResourceItoN.MainMenuMgr_RUN, Run" value="2" type="GuiResourceData"/>
<property name="PAResourceItoN.MainMenuMgr_TOOLS, Tools" value="4" type="GuiResourceData"/>
<property name="PAResourceItoN.MainMenuMgr_VIEW, View" value="3" type="GuiResourceData"/>
<property name="PAResourceItoN.MainMenuMgr_WINDOW, Window" value="6" type="GuiResourceData"/>
<property name="RDIResource.BaseDialog_CANCEL, Cancel" value="2" type="GuiResourceData"/>
<property name="RDIResource.BaseDialog_OK, OK" value="1" type="GuiResourceData"/>
<property name="RDIResource.MainWinMenuMgr_LAYOUT, Layout" value="4" type="GuiResourceData"/>
<property name="RDIResource.MessageWithOptionDialog_DONT_SHOW_THIS_DIALOG_AGAIN, Don't show this dialog again, false" value="1" type="GuiResourceData"/>
<property name="RDIResource.RDIViews_WAVEFORM_VIEWER, 40, 682" value="1" type="GuiResourceData"/>
<property name="RDIResource.WaveformNameTree_WAVEFORM_NAME_TREE, [true, wd[31:0]], 3" value="2" type="GuiResourceData"/>
<property name="regfile.v, 163, 86" value="1" type="GuiResourceData"/>
<property name="regfile.v, 5, 153" value="1" type="GuiResourceData"/>
<property name="regfile.v, 80, 646" value="1" type="GuiResourceData"/>
<property name="top.v, 10, 105" value="1" type="GuiResourceData"/>
<property name="top.v, 10, 128" value="1" type="GuiResourceData"/>
<property name="top.v, 19, 452" value="1" type="GuiResourceData"/>
<property name="top.v, 19, 489" value="1" type="GuiResourceData"/>
<property name="top.v, 23, 447" value="1" type="GuiResourceData"/>
<property name="top.v, 24, 492" value="1" type="GuiResourceData"/>
<property name="top.v, 27, 468" value="1" type="GuiResourceData"/>
<property name="top.v, 277, 379" value="1" type="GuiResourceData"/>
</item>
<item name="Other">
<property name="GuiMode" value="5" type="GuiMode"/>
<property name="BatchMode" value="0" type="BatchMode"/>
<property name="TclMode" value="2" type="TclMode"/>
</item>
</section>
</application>
</document>
